[
  {
    "id": "1",
    "name": "Eileen Horton",
    "issueNumber": "1",
    "img": "/img/avatars/thumb-1.jpg",
    "desc": "xyz",
    "type": "Compilance",
    "uploadDate": 1583107200
   
  },
  {
    "id": "2",
    "name": "Terrance Moreno",
    "issueNumber": "2",
    "img": "/img/avatars/thumb-2.jpg",
    "desc": "xyz",
    "type": "Compilance",
    "uploadDate": 1583107200
  },
  {
    "id": "3",
    "name": "Ron Vargas",
    "issueNumber": "3",
    "img": "/img/avatars/thumb-3.jpg",
    "desc": "xyz",
    "type": "Compilance",
    "uploadDate": 1583107200

  }
]