[
  {
    "id": "1",
    "name": "Eileen Horton",
    "email": "eileen_h@hotmail.com",
    "img": "/img/avatars/thumb-1.jpg",
    "position": "SG",
    "status": "inactive",
    "birthday": 1579132800,
    "phoneNumber": "+12-123-1234",
    "siaLicence": "123456",
    "siaLicenceExpiry": 1579132800,
    "payRate": 12,
    "empType": "Employment 1",
    "subcontractName": "DEF",
    "title": "Miss",
    "niNumber": 12232234,
    "origin": "Asian",
    "compilanceSc": 30,
    "progress": 30
  },
  {
    "id": "2",
    "name": "Terrance Moreno",
    "email": "terrancemoreno@gmail.com",
    "img": "/img/avatars/thumb-2.jpg",
    "position": "SG",
    "status": "active",
    "birthday": 1582416000,
    "phoneNumber": "+12-123-1111",
    "siaLicence": "4567",
    "siaLicenceExpiry": 1582416000,
    "payRate": 13,
    "empType": "Employment 1",
    "subcontractName": "ABC",
    "title": "Mr",
    "niNumber": 12232234,
    "origin": "African",
    "compilanceSc": 50,
    "progress": 70
  },
  {
    "id": "3",
    "name": "Ron Vargas",
    "email": "ronnie_vergas@infotech.io",
    "img": "/img/avatars/thumb-3.jpg",
    "position": "SG",
    "status": "inactive",
    "birthday": 1583107200,
    "phoneNumber": "+12-123-1234",
    "siaLicence": "890",
    "siaLicenceExpiry": 1583107200,
    "payRate": 11,
    "empType": "Employment 1",
    "subcontractName": "GHI",
    "title": "Mr",
    "niNumber": 12232234,
    "origin": "British",
    "compilanceSc": 100,
    "progress": 100
  }
]